ID,Name,Phone,District,
101,Angel Funnell,2-211-348-5040,A1,
102,Candace Whinter,0-766-870-3835,A1,
103,Russel Quinn,8-311-063-2074,A1,
104,Lucas Osman,4-608-354-5675,A1,
105,Harry Hooper,3-740-055-6384,A1,
106,Lucas Lucas,7-818-328-1257,A1,
107,Mavis Lewis,6-351-048-1248,A1,
108,Tony Ring,3-142-167-6553,A1,
109,Anthony Pitt,5-811-728-0220,A1,
110,Holly Wright,6-605-106-1156,A1,
111,Nick Mann,6-867-565-2268,A1,
112,Susan Richards,7-112-810-8470,A1,
113,Chad Ellwood,6-547-702-3522,A1,
114,Gabriel Redden,4-253-232-0330,A1,
115,Bree May,3-866-215-6218,A1,
116,Gil Connell,5-807-154-2165,A1,
117,Kenzie Notman,1-165-148-5457,A1,
118,Rocco Whitmore,0-434-274-4220,A1,
119,Denny Smith,7-802-074-0334,A1,
120,Rufus Jefferson,3-382-761-5216,A1,
121,Sebastian Heaton,7-348-177-4457,A1,
122,Harmony Dann,1-086-240-7374,A1,
123,Sabrina Gilbert,5-746-572-8853,A1,
124,Rhea Vincent,8-247-314-2280,A1,
125,Mayleen Emmett,0-644-657-6112,A1,
126,Matthew Shaw,1-235-418-0252,A1,
127,Hanna Cox,5-458-027-1188,A1,
128,Kate Donovan,1-348-321-8541,A1,
129,Cassandra Farmer,3-717-840-5433,A1,
130,Janice Tait,1-350-067-8024,A1,
131,Barry Oliver,7-164-377-2604,A1,
132,Chester Addison,7-158-816-2714,A1,
133,Gwen Simmons,6-834-237-2570,A1,
134,David Clayton,6-445-530-7653,A1,
135,Kieth Neal,3-581-534-7681,A1,
136,Carina Leigh,5-674-074-2575,A1,
137,Nicholas Simpson,1-712-318-0887,A1,
138,Paige Grey,7-537-552-0688,A1,
139,Valentina Glass,8-157-055-8774,A1,
140,Eden Ingham,7-863-454-0371,A1,
201,Naomi Cunningham,0-231-181-7305,A15,
202,Carmen Jones,6-521-071-6146,A15,
203,Trisha Gibbons,6-653-037-5423,A15,
204,Denny Stevens,5-676-253-7406,A15,
205,Chuck Janes,0-736-220-5316,A15,
206,Rosalie Price,0-073-411-4601,A15,
207,Vera Graham,2-552-345-6753,A15,
208,Lindsay Brock,3-583-527-4232,A15,
209,Javier Ripley,0-352-623-6544,A15,
210,Alice Gilmore,1-183-221-1063,A15,
211,Aleksandra Baxter,3-285-215-4002,A15,
212,Chloe Parker,0-470-743-0384,A15,
213,Brad Tait,3-774-242-2472,A15,
214,Dakota Rixon,0-805-551-4733,A15,
215,Chad Ellis,7-813-760-2162,A15,
216,Ciara Connor,8-864-650-4772,A15,
217,Elly Booth,8-317-004-5673,A15,
218,Chloe Shaw,6-234-235-8687,A15,
219,Quinn Middleton,0-201-722-7548,A15,
220,Elisabeth Jarvis,2-805-027-5463,A15,
221,Sebastian Glass,6-182-614-4612,A15,
222,Caleb Faulkner,5-748-125-6716,A15,
223,Chris Gordon,7-263-810-3465,A15,
224,Ema Selby,1-835-688-5142,A15,
225,Lucas Collins,3-746-506-3373,A15,
226,Belinda Mullins,3-730-385-8613,A15,
227,Benny Driscoll,0-218-700-5184,A15,
228,Rosalie Kennedy,4-523-162-3115,A15,
229,Lucas Buckley,0-321-442-1534,A15,
230,Elijah Garcia,6-454-773-1783,A15,
231,Doug Dixon,1-022-544-6533,A15,
232,Luke Lewis,0-773-445-5505,A15,
233,Maddison Simpson,4-365-458-5010,A15,
234,Gwen Ward,7-213-310-0002,A15,
235,Roger Nelson,3-260-351-1568,A15,
236,Janice Murphy,6-627-266-3821,A15,
237,Cedrick King,2-620-441-7403,A15,
238,Enoch Lane,5-335-752-3641,A15,
239,Boris Rowlands,2-483-668-7483,A15,
240,Jessica Egerton,2-236-806-4741,A15,
241,Hank Walton,8-681-614-8088,A15,
301,Olivia Casey,8-428-341-4134,A7,
302,Lara Kidd,5-323-417-6820,A7,
303,Daron Torres,1-477-375-3217,A7,
304,Owen Mccormick,5-450-663-5545,A7,
305,Iris Reynolds,4-082-182-5552,A7,
306,Barry Vinton,1-157-431-3583,A7,
307,Emma Scott,8-227-837-2154,A7,
308,Lexi Walsh,7-071-403-3871,A7,
309,Angela Steer,4-875-056-3335,A7,
310,Isabel Cartwright,8-826-115-4110,A7,
311,Alexia Lomax,3-463-367-2786,A7,
312,Dani Marshall,6-356-543-8434,A7,
313,Bob Shea,7-541-418-8613,A7,
314,Rita Appleton,1-204-707-6422,A7, 
315,Maddison Connell,8-285-174-1341,A7,
316,Oliver Neville,5-438-366-2288,A7,
317,Elena Pierce,0-187-040-4264,A7,
318,Carl Verdon,7-436-300-0822,A7,
319,Beatrice Lee,0-856-640-1530,A7,
320,Enoch Johnson,1-531-553-7420,A7,
321,Rosalie Nielson,2-556-634-2175,A7,
322,Ramon Wright,7-062-278-2806,A7,
323,Maia Mullins,3-255-308-0623,A7,
324,Abdul Kerr,4-458-668-4577,A7,
325,Leilani Vaughn,5-405-127-7282,A7,
326,Fred Hunt,2-377-006-3463,A7,
327,Janice Stubbs,6-661-073-2272,A7,
328,Marie Bayliss,2-566-001-2801,A7,
329,Nicholas Ventura,0-215-881-4208,A7,
330,Alice Raven,1-054-001-7054,A7,
331,Mya Ripley,7-508-512-8555,A7,
332,Ryan Potter,3-671-511-8458,A7,
333,Henry Vass,2-516-156-5882,A7,
334,Matthew Bryson,3-888-434-3625,A7,
335,Nate Kidd,1-482-016-0488,A7,
336,Gil Davies,6-882-485-5607,A7,
337,Rose Preston,7-806-283-4881,A7,
338,Alice Nanton,4-804-265-7230,A7,
339,Elijah Uttridge,6-843-462-4815,A7,
401,Johnny Larsen,0-817-420-6823,B2,
402,Parker Horton,5-658-676-8470,B2,
403,Marie Ward,0-781-437-3127,B2,
404,Clint Rivers,0-106-428-2564,B2,
405,Russel Mcguire,3-367-215-0323,B2,
406,Chester Taylor,4-307-258-3631,B2,
407,Ramon Shaw,2-168-868-7405,B2,
408,Hope Mann,6-725-167-1552,B2,
409,Lucy Lindsay,5-255-177-1447,B2,
410,Dani Varley,8-028-105-8144,B2,
411,William London,4-061-572-1381,B2,
412,Tyler Norburn,2-776-312-5325,B2,
413,Tyson Andrews,1-108-776-4757,B2,
414,Adalind Reese,5-275-806-2668,B2,
415,Anne Simpson,5-354-468-2727,B2,
416,Manuel Mooney,0-188-758-1481,B2,
417,Kurt Broomfield,3-208-078-3028,B2,
418,Boris Ashley,3-566-202-5788,B2,
419,Irene Young,8-531-817-4181,B2,
420,Hayden Newman,1-682-756-7230,B2,
421,George Shaw,4-088-733-3875,B2,
422,Rufus Jefferson,3-751-254-1862,B2,
423,Alexander Glynn,3-001-500-1811,B2,
424,Sebastian Clifton,6-062-164-3684,B2,
425,Sarah Devonport,1-265-520-8738,B2,
426,Josh Taylor,7-488-363-7801,B2,
427,Naomi Willis,2-166-660-6457,B2,
428,Fred Lane,2-226-724-2844,B2,
429,Doug Edler,2-634-605-6626,B2,
430,Rebecca Miller,0-304-045-6641,B2,
431,Isabel Chester,1-110-663-6121,B2,
432,Daria Stark,5-886-031-4405,B2,
433,Esmeralda Lloyd,8-823-554-4154,B2,
434,Emerald Coates,1-723-201-6542,B2,
435,Samara Burnley,6-042-177-2871,B2,
436,Roger Rogan,7-215-582-6721,B2,
437,Domenic Moss,3-704-776-0113,B2,
438,Peter Willis,7-425-808-2264,B2,
439,Denny Glass,2-204-457-1657,B2,
440,Nathan Hall,1-026-437-2056,B2,
441,Sloane Webster,4-308-456-7173,B2,
501,Percy Wright,7-575-511-2463,B3,
502,Rebecca Hastings,2-470-275-2577,B3,
503,William Quinn,7-325-214-3606,B3,
504,Tom Taylor,8-253-365-6025,B3,
505,Kieth Morris,0-078-073-0477,B3,
506,Bob Carson,6-631-733-2132,B3,
507,Boris Harrison,2-888-183-6160,B3,
508,Skylar Wild,7-753-168-2844,B3,
509,Carl Rehman,7-356-026-4787,B3,
510,Evie Mccall,4-506-544-3671,B3,
511,Sasha Hastings,0-435-757-6120,B3,
512,Lucy Dunbar,8-655-176-2368,B3,
513,Josephine Mccormick,6-750-864-2416,B3,
514,Mackenzie Fox,4-650-323-8147,B3,
515,Brad Bowen,1-552-220-2685,B3,
516,Abdul Graham,2-482-587-5182,B3,
517,Percy Dixon,5-025-361-7445,B3,
518,Boris Smith,0-538-466-6546,B3,
519,Nancy Donnelly,4-602-126-5608,B3,
520,Benny Ellwood,8-456-254-4525,B3,
521,Alison Jones,4-671-753-7336,B3,
522,Isabel Griffiths,8-283-126-1800,B3,
523,Ellen Hastings,0-656-271-0272,B3,
524,David Ross,0-187-105-2212,B3,
525,Carl Mcgregor,7-604-527-6701,B3,
526,Denny Ulyatt,0-111-150-6121,B3,
527,Chad Lucas,3-334-662-4672,B3,
528,Karla Thornton,3-855-661-1815,B3,
529,Daron Webster,5-726-782-3567,B3,
530,Martin Reid,3-373-262-2551,B3,
531,Andrea Ainsworth,4-272-318-8458,B3,
532,Margot Stevens,2-860-057-5222,B3,
533,Matthew Hill,1-641-388-2851,B3,
534,Boris Kaur,8-238-528-6705,B3,
535,Juliette Faulkner,8-407-356-6078,B3,
536,Percy Dann,8-185-735-8720,B3,
537,Nathan Ellison,8-343-402-3520,B3,
538,Johnathan Ross,2-584-186-5101,B3,
539,Sharon Mitchell,5-678-127-5255,B3,
540,Cadence Andersson,4-555-646-2342,B3,
541,Tess Collis,2-313-727-8408,B3,
601,Rosemary Griffiths,2-381-221-5443,C6,
602,Mackenzie Gavin,2-266-553-7312,C6,
603,Boris Kelly,0-462-208-8511,C6,
604,Sage Weldon,8-501-035-1327,C6,
605,Mark Sanchez,8-677-444-0713,C6,
606,Luke Pratt,6-540-458-7102,C6,
607,Sabrina Stubbs,0-335-740-7228,C6,
608,Mackenzie Jarrett,6-768-023-7661,C6,
609,Michelle Wright,5-651-448-4673,C6,
610,Anabel Doherty,2-217-380-2332,C6,
611,Aiden Holt,6-641-082-4671,C6,
612,Sabrina Dunbar,1-851-854-4522,C6,
613,Marie Dyson,3-276-056-0217,C6,
614,Catherine Baxter,4-265-871-3617,C6,
615,Belinda Ainsworth,0-184-881-4846,C6,
616,Clint Price,5-325-868-2555,C6,
617,Carl Ward,4-680-748-0233,C6,
618,Phillip Rivers,3-184-206-3710,C6,
619,Sylvia Kennedy,5-286-710-2555,C6,
620,David Oswald,1-821-078-3507,C6,
621,Hank Anderson,7-705-024-8358,C6,
622,Moira Lyon,5-272-822-8770,C6,
623,Mike Tennant,5-787-883-7588,C6,
624,William Rodwell,4-524-676-3140,C6,
625,Rocco Simpson,8-244-423-5614,C6,
626,Julian Radcliffe,6-731-113-2447,C6,
627,Erica Whittle,5-360-047-3433,C6,
628,Enoch Rowan,8-105-075-3186,C6,
629,Melinda Phillips,6-864-600-2330,C6,
630,Aileen Avery,3-063-342-2417,C6,
631,Margaret Page ,2-723-015-4580,C6,
632,Kirsten Lee,7-558-728-1123,C6,
633,Lucas Tate,4-550-360-4151,C6,
634,Matthew Archer,3-735-554-7587,C6,
635,Dalia Gregory,6-800-718-0282,C6,
636,George Nanton,4-860-486-3763,C6,
637,Carter Davies,8-620-307-1410,C6,
638,Louise Hope,5-434-013-5267,C6,
639,Aisha Yoman,0-360-220-4526,C6,
640,Marissa Murray,4-408-036-3376,C6,
701,Nicholas Simmons,4-520-640-1402,C11,
702,Alan Latham,8-174-681-6672,C11,
703,Harry Kennedy,0-734-050-8857,C11,
704,Dani Blackburn,0-063-163-1018,C11,
705,Mark Thorne,8-377-821-6565,C11,
706,Aileen Jarrett,1-157-676-5176,C11,
707,Johnny Walton,6-156-330-5708,C11,
708,Cherish Gavin,3-875-640-7405,C11,
709,Gil Kelly,2-808-828-4181,C11,
710,Ema Rosenbloom,3-576-622-1002,C11,
711,Hailey Tait,6-408-273-7800,C11,
712,Camellia Douglas,7-830-543-8286,C11,
713,Carter Latham,7-061-486-5723,C11,
714,Wade Cameron,5-767-733-1522,C11,
715,Bob Ellis,2-014-828-8273,C11,
716,Marvin Logan,0-155-273-3288,C11,
717,Fred Osman,3-481-383-6170,C11,
718,Destiny Gosling,5-742-210-4550,C11,
719,Ivette Ingram,7-153-424-6810,C11,
720,Mike Holt,8-752-267-4452,C11,
721,Julius Tyrrell,8-216-458-8253,C11,
722,Dasha Egerton,7-210-365-7063,C11,
723,Marie Talbot,6-810-457-6035,C11,
724,Denny Widdows,4-888-586-1411,C11,
725,Nate Rainford,2-337-552-3437,C11,
726,Gina Dwyer,2-731-352-0730,C11,
727,Catherine Roman,4-875-253-5875,C11,
728,Mason Drummond,4-411-857-5684,C11,
729,Clarissa Ebden,4-874-868-4411,C11,
730,Carina Wright,7-546-814-3271,C11,
731,Abdul Kerr,1-705-711-0016,C11,
732,Barry Nielson,8-884-716-1376,C11,
733,Fred Briggs,5-838-802-6055,C11,
734,Benny Clark,5-388-843-2852,C11,
735,Percy Gates,3-271-483-1670,C11,
736,Kamila Dunbar,8-282-585-0875,C11,
737,Danny Penn,0-662-822-7730,C11,
738,Francesca Parsons,6-087-713-5680,C11,
739,Marissa Gordon,2-052-200-8162,C11,
740,Matt Gregory,4-428-412-7772,C11,
741,Colleen Murphy,8-626-774-7772,C11,
742,Nate Parker,8-143-120-2605,C11,
743,Penelope Roberts,1-686-858-3445,C11,
801,Ryan Noon,5-351-758-6283,D4,
802,Bryon Oliver,0-114-606-1753,D4,
803,Dakota Malone,5-878-645-2344,D4,
804,Ryan Warner,3-032-222-3304,D4,
805,Carter Donnelly,5-061-731-2030,D4,
806,Roger Locke,6-601-326-7213,D4,
807,Bristol Farrant,5-641-416-3626,D4,
808,Brad Anderson,8-824-145-6821,D4,
809,Erick Ellis,7-573-186-2872,D4,
810,Lucy Jackson,8-642-057-2872,D4,
811,Ruth Camden,7-208-285-1420,D4,
812,Nathan Stevens,0-311-336-1674,D4,
813,Marie Robertson,6-804-274-5736,D4,
814,Boris Gunn,1-126-202-4603,D4,
815,Bridget Morgan,4-131-804-5240,D4,
816,Hank Woodley,4-641-500-4578,D4,
817,Sebastian Murphy,1-810-581-6842,D4,
818,Brad Hopkins,8-655-870-8415,D4,
819,Eden Noach,4-418-734-2388,D4,
820,Darlene Graham,6-078-645-8228,D4,
821,Marvin Morris,3-844-311-4237,D4,
822,Tyler Shields,2-665-412-4363,D4,
823,Tyson Walker,2-883-137-4447,D4,
824,Logan Cann,6-417-375-4527,D4,
825,Eduardo Needham,4-712-651-3336,D4,
826,Manuel Whinter,1-273-587-8456,D4,
827,Doug Bingham,2-652-380-6354,D4,
828,David Wright,1-706-073-3442,D4,
829,Matt James,2-451-630-6742,D4,
830,Enoch Darcy,8-175-757-6484,D4,
831,Nathan Wilkinson,1-083-844-7032,D4,
832,Valerie Wills,8-531-084-3561,D4,
833,Samantha Kent,0-554-014-6488,D4,
834,Ramon Wright,0-431-336-7530,D4,
835,Peter Selby,4-224-686-4665,D4,
836,Irene Quinn,0-416-832-0200,D4,
837,Enoch Boden,8-245-571-2645,D4,
838,Domenic Neal,7-542-437-0224,D4,
839,Jack Todd,8-143-144-4203,D4,
840,Kenzie Stewart,7-617-862-6467,D4,
841,Jack Mould,8-104-363-4817,D4,
842,Aeris Hamilton,2-473-202-5151,D4,
901,Maxwell Moss,6-757-054-1886,D14,
902,Nina Penn,6-800-583-8740,D14,
903,Mary Penn,8-335-416-1507,D14,
904,Gladys Hall,4-857-578-1501,D14,
905,Rocco Forester,8-165-811-5408,D14,
906,Carol King,3-810-114-7726,D14,
907,Aiden Kennedy,6-242-381-4214,D14,
908,Matt Widdows,4-483-137-6701,D14,
909,Nicholas Lyon,3-472-537-1557,D14,
910,Adela Hilton,5-854-143-2234,D14,
911,Candice Watson,3-316-501-7320,D14,
912,Kendra Palmer,8-254-080-8464,D14,
913,Abdul Huggins,1-464-466-2411,D14,
914,Matthew Pond,5-235-302-0700,D14,
915,Greta Malone,8-327-205-7540,D14,
916,Caleb Aldridge,6-338-122-1273,D14,
917,Hailey Jennson,6-544-723-0727,D14,
918,Crystal Irwin,6-840-552-3617,D14,
919,Sonya Vernon,1-335-230-8854,D14,
920,Anais Trent,4-004-044-2331,D14,
921,Ellen Fields,7-361-058-4724,D14,
922,Johnathan Clifton,8-842-257-6025,D14,
923,Analise Radcliffe,0-040-361-5732,D14,
924,Beatrice Mccall,1-702-763-3777,D14,
925,Marjorie Larsen,2-452-303-7633,D14,
926,Blake Ranks,0-185-774-2228,D14,
927,Cassidy Ross,2-628-182-3602,D14,
928,Chloe Stone ,0-577-183-5715,D14,
929,Kamila Cobb,1-238-475-0036,D14,
930,Barney Eddison,4-830-112-5302,D14,
931,Zara Hancock,7-034-221-3631,D14,
932,Joseph Quinton,5-304-751-8745,D14,
933,Boris Marshall,8-258-582-8024,D14,
934,Amelia Spencer,2-883-310-8076,D14,
935,Alice Boyle,2-786-554-4611,D14,
936,Morgan Russell,3-600-005-7511,D14,
937,Allison Holmes,1-728-436-1371,D14,
938,Harry Mitchell,2-615-345-2754,D14,
1001,Analise Drew,2-640-152-7821,E5,
1002,Leslie Durrant,3-282-475-8841,E5,
1003,Dani Holmes,0-631-128-5216,E5,
1004,Gemma Sanchez,7-838-538-5628,E5,
1005,Holly Janes,6-081-237-1702,E5,
1006,Sloane Ramsey,8-744-211-0013,E5,
1007,Ramon Clarkson,0-016-358-1246,E5,
1008,Benny Mason,0-368-015-7641,E5,
1009,Alan Burnley,8-673-331-6741,E5,
1010,Enoch Moore,4-060-548-6437,E5,
1011,Hayden Truscott,2-656-221-4637,E5,
1012,Mona Wigley,4-173-462-6601,E5,
1013,Isla Torres,1-345-404-1833,E5,
1014,Andrea Brett,3-223-061-3542,E5,
1015,Rocco Rossi,8-555-582-2725,E5,
1016,Susan Evans,1-388-122-4765,E5,
1017,Angelique May,7-023-171-3778,E5,
1018,Boris Allington,3-875-771-1438,E5,
1019,John Leigh,6-885-844-7812,E5,
1020,Leroy Norris,5-184-420-7881,E5,
1021,Rose Adler,4-845-555-8736,E5,
1022,Willow Russell,0-537-525-2338,E5,
1023,Amelia Eyres,8-036-772-0553,E5,
1024,Mackenzie Flynn,3-572-537-2525,E5,
1025,David Moss,4-055-068-6803,E5,
1026,Alessandra Dobson,8-748-078-7563,E5,
1027,Rosalie Eddison,4-105-605-5875,E5,
1028,Joseph Townend,5-687-182-7661,E5,
1029,Sloane Bayliss,4-818-612-6860,E5,
1030,Sabina Robinson,7-635-121-7648,E5,
1031,Faith Jackson,3-234-770-0557,E5,
1032,Janice Needham,7-178-480-0350,E5,
1033,Diane Jackson,1-684-752-5343,E5,
1034,Nate Reese,1-665-820-4585,E5,
1035,Mason Mcleod,8-637-237-7526,E5,
1036,Renee Rainford,7-250-427-5840,E5,
1037,Martin Stewart,0-082-886-5141,E5,
1038,Josh Bolton,1-472-685-3348,E5,
1039,Scarlett Richardson,7-860-616-5246,E5,
1040,Jack Clarke,1-085-354-4665,E5,
1041,William Dixon,6-325-336-1711,E5,
1042,Renee Cameron,1-250-431-2530,E5,
1043,Logan York,2-030-188-8202,E5,
1044,Ryan Wilkinson,2-636-083-3052,E5,
1101,Scarlett Redden,6-853-528-6615,E13,
1102,Martin Poulton,0-463-728-8838,E13,
1103,Valentina Allwood,8-764-341-2484,E13,
1104,Chuck Stark,0-204-213-4778,E13,
1105,Nick Locke,8-236-216-8311,E13,
1106,Elle Collingwood,0-684-237-6245,E13,
1107,Rosalyn Poole,8-751-033-2560,E13,
1108,Kurt Owens,7-821-154-1830,E13,
1109,Eduardo Squire,8-712-638-5500,E13,
1110,Alma Davies,1-144-567-2136,E13,
1111,Eduardo Gordon,8-108-402-6560,E13,
1112,Maxwell Parr,3-205-168-6754,E13,
1113,Tyson Stevens,6-657-316-3811,E13,
1114,Victoria Freeburn,4-731-558-7215,E13,
1115,Hannah Lyon,2-432-558-7020,E13,
1116,Ryan Windsor,3-837-232-0235,E13,
1117,Amy Whatson,4-322-240-4676,E13,
1118,Bob Shields,6-004-084-3667,E13,
1119,Piper Vangness,1-057-713-5077,E13,
1120,Marina Grey,1-414-742-1216,E13,
1121,Denny Rivers,6-436-572-6280,E13,
1122,Josephine Pierce,0-250-051-1535,E13,
1123,Celia Nurton,6-408-728-5403,E13,
1124,Danielle Norburn,2-144-220-0467,E13,
1125,Noah Eaton,7-812-828-6805,E13,
1126,Tony Robertson,7-458-857-3801,E13,
1127,Anthony Jeffery,8-218-336-4811,E13,
1128,Carrie Garner,2-372-152-0177,E13,
1129,Ilona Andrews,0-012-237-5754,E13,
1130,Abdul Rothwell,5-475-020-4174,E13,
1131,Nate Lunt,1-211-624-7880,E13,
1132,Shelby Harrison,5-263-783-6021,E13,
1133,Daron Giles,8-268-874-5438,E13,
1134,Skylar Broomfield,4-847-438-8014,E13,
1135,Madelyn Clarkson,1-783-088-6112,E13,
1136,Celina Noach,7-333-141-1736,E13,
1137,Renee Kelly,1-435-203-5443,E13,
1138,Anthony Wise,6-255-181-6611,E13,
1139,Leroy Morrison,0-551-384-5656,E13,
1140,Naomi Moss,8-783-534-4616,E13,
1141,Joseph John,7-241-734-7823,E13,
1142,Anais Nicolas,5-080-387-7174,E13,
1143,Sadie Griffiths,7-447-187-4142,E13,
1144,Mandy Rodgers,8-685-038-6152,E13,
1145,Benjamin Sawyer,0-568-870-3757,E13,
1201,Leroy Rodgers,7-461-277-4887,E18,
1202,Matthew Allington,2-743-374-4631,E18,
1203,Ronald Stanton,7-376-177-6704,E18,
1204,Tyler Roman,6-718-080-8038,E18,
1205,Keira Jarvis,6-302-725-4007,E18,
1206,Maxwell Speed,0-375-776-7127,E18,
1207,Chris Carson,2-477-248-3028,E18,
1208,Davina Gilbert,6-101-648-5434,E18,
1209,Logan Vollans,1-746-762-5205,E18,
1210,Rick Norton,3-550-851-0152,E18,
1211,Leslie Chapman,8-325-802-2628,E18,
1212,Jade Wright,7-050-832-7747,E18,
1213,Boris Kirby,5-847-756-7786,E18,
1214,Mara Pierce,8-316-502-0810,E18,
1215,Denny Ross,5-778-315-7602,E18,
1216,Lana Moore,2-633-018-4203,E18,
1217,Hayden Shaw,8-273-242-8171,E18,
1218,Russel Bell,5-033-517-2753,E18,
1219,Laila King,4-655-208-4280,E18,
1220,Joseph Whittle,4-518-687-2500,E18,
1221,Drew Wellington,4-181-314-3247,E18,
1222,Rachael Jordan,7-436-446-2443,E18,
1223,Alessandra Johnson,0-545-220-0884,E18,
1224,Mavis Forth,2-602-664-1531,E18,
1225,Josh Yard,6-460-722-5811,E18,
1226,Tony Reese,5-317-668-7304,E18,
1227,Joseph Brooks,8-138-373-3146,E18,
1228,Abdul Adler,6-808-565-1234,E18,
1229,Dorothy Morgan,1-542-436-7624,E18,
1230,Jacob Johnson,2-502-820-4858,E18,
1231,Noemi Button,7-031-532-4838,E18,
1232,Emmanuelle Moore,1-732-348-5222,E18,
1233,Paula Snell,5-724-000-6725,E18,
1234,Denis Thompson,6-534-323-1266,E18,
1235,Boris Bullock,6-176-558-0132,E18,
1236,Morgan Kaur,8-053-528-6864,E18,
1237,Janice Weasley,5-571-378-6483,E18,
1238,Harvey Morgan,4-825-481-1022,E18,
1239,Brad Allington,2-010-333-4504,E18,
1240,Allison Stevenson,5-683-331-8480,E18,
1241,Johnny Eaton,5-487-474-3637,E18,
1242,Leah Rodgers,3-104-374-2280,E18,
1243,Carter Newton,5-288-088-0154,E18,
1244,Harvey Cattell,0-540-215-3758,E18,
1245,Angelique Emmott,1-065-816-3482,E18,
1246,Tony Rees,8-487-012-6305,E18,
